{
 "pval": [  2.43466, 2.086266, 1.958094, 1.316413, 1.160421, 1.019765, 0.7830955, 0.7268135, 0.6311926, 0.5132013, 0.5048027, 0.4469913, 0.4271632, 0.4218538, 0.4131203, 0.3572882, 0.2847322, 0.2847322, 0.2430066, 0.2430066, 0.2430066, 0.2181011, 0.1788141, 0.151503, 0.1421069, 0.1421069, 0.1421069, 0.1421069, 0.1093834, 0.1093834, 0.1062771, 0.09137024, 0.07388402, 0.07236791, 0.06789168, 0.06329529, 0.05054168, 0.04208637, 0.03505716, 0.03505716, 0.03505716, 0.03505716, 0.03505716, 0.03505716, 0.03505716, 0.03062603, 0.03062603, 0.03062603, 0.02418692, 0.01867983, 0.01867983, 0.01013655, 0.01013655, 0.009416979, 0.009416979, 0.009416979, 0.009416979, 0.009416979, 0.002574295, 0.0003171507, 0.0001911316 ],
"enr": [ 1.168557, 1.112413, 1.114413, 1.084134, 1.098473,   1.1323,  1.05612, 1.068272, 1.165382, 0.9945975, 0.9880484, 1.002584, 1.311074, 1.008522, 0.992169,  1.04885,  1.01971,  1.01971,  1.04885,  1.04885,  1.04885, 0.9833003, 0.9254618, 0.9177439, 1.311063, 1.311063, 1.311063, 1.311063, 0.8740367, 0.8740367, 0.8740495, 0.8740495, 0.8194169, 0.8589512, 0.8615523, 0.7866376, 0.8740463, 0.7866445, 0.6555228, 0.6555228, 0.6555228, 0.6555228, 0.6555228, 0.6555228, 0.6555228, 0.6555228, 0.6555228, 0.6555228, 0.6555371, 0.6555335, 0.6555335, 0.5244251, 0.5244251, 0.4370247, 0.4370247, 0.4370247, 0.4370247, 0.4370247, 0.3277614, 0.3277668, 0.2185124 ],
"pathnames": [ "Carnitine shuttle", "Bile acid biosynthesis", "C21-steroid hormone biosynthesis and metabolism", "De novo fatty acid biosynthesis", "Fatty acid activation", "Vitamin D3 (cholecalciferol) metabolism", "Prostaglandin formation from arachidonate", "Fatty Acid Metabolism", "Putative anti-Inflammatory metabolites formation from EPA", "Vitamin E metabolism", "Glycerophospholipid metabolism", "Leukotriene metabolism", "Alkaloid biosynthesis II", "Androgen and estrogen biosynthesis and metabolism", "Arachidonic acid metabolism", "Phosphatidylinositol phosphate metabolism", "Ascorbate (Vitamin C) and Aldarate Metabolism", "Omega-6 fatty acid metabolism", "Polyunsaturated fatty acid biosynthesis", "Sphingolipid metabolism", "Prostaglandin formation from dihomo gama-linoleic acid", "Urea cycle/amino group metabolism", "Vitamin A (retinol) metabolism", "Vitamin K metabolism", "N-Glycan biosynthesis", "Dynorphin metabolism", "Purine metabolism", "Pyrimidine metabolism", "Xenobiotics metabolism", "Phytanic acid peroxisomal oxidation", "Ubiquinone Biosynthesis", "Electron transport chain", "Saturated fatty acids beta-oxidation", "Glycosphingolipid metabolism", "Linoleate metabolism", "Tyrosine metabolism", "Squalene and cholesterol biosynthesis", "Omega-3 fatty acid metabolism", "Glycosphingolipid biosynthesis - ganglioseries", "Pyruvate Metabolism", "Vitamin B2 (riboflavin) metabolism", "Vitamin B1 (thiamin) metabolism", "Glutathione Metabolism", "Arginine and Proline Metabolism", "Glutamate metabolism", "Fatty acid oxidation", "TCA cycle", "Drug metabolism - other enzymes", "Methionine and cysteine metabolism", "Di-unsaturated fatty acid beta-oxidation", "Drug metabolism - cytochrome P450", "Tryptophan metabolism", "Aspartate and asparagine metabolism", "Histidine metabolism", "Glycosylphosphatidylinositol(GPI)-anchor biosynthesis", "Parathio degradation", "Glycine, serine, alanine and threonine metabolism", "Starch and Sucrose Metabolism", "Sialic acid metabolism", "Porphyrin metabolism", "Mono-unsaturated fatty acid beta-oxidation" ] 
}